BEZIRK,n_trees,n_species,n_genera,n_streets,mean_height,mean_crown,mean_trunk,sd_trunk,mean_year_raw,mean_year_clean,unknown_year,unknown_trunk,sp12,sp6,sp14,sp1,sp8,sp2,sp29,sp18,sp3,sp20,sp4,sp30,sp28,sp22,sp19,sp9,sp17,sp7,sp26,sp15,sp24,sp13,sp27,sp10,sp16,sp25,sp5,sp11,sp21,sp23,gen1,gen4,gen10,gen5,gen3,gen13,gen6,gen9,gen7,gen8,gen14,gen15,gen11,gen2,gen12,h1,h2,h3,h4,h5,h6,h7,h8,h9,cr1,cr2,cr3,cr4,cr5,cr6,cr7,cr8,cr9
1,4522,232,70,111,2.3299425033171164,2.283060592658116,88.87107474568775,66.54783232606866,1893.6751437417072,1992.8319757970678,4.975674480318443,3.6267138434321096,0.55285272003538255,0.5749668288367978,1.105705440070765,12.914639540026537,4.3343653250774,2.410437859354268,0.5970809376382131,0.37593984962406013,21.539141972578506,0.08845643520566121,0.508624502432552,0.15479876160990713,0.19902697921273774,0.17691287041132242,3.184431667403804,0.11057054400707651,1.614329942503317,5.41795665634675,0.5307386112339673,0.044228217602830605,0.08845643520566121,0.4865103936311367,0.35382574082264484,0.6413091552410438,2.476780185758514,3.339230429013711,1.7691287041132242,2.7863777089783284,0.508624502432552,1.0393631136665193,22.865988500663423,3.427686864219372,0.8845643520566121,22.73330384785493,1.2826183104820876,0.5970809376382131,1.9018133569217162,5.904467049977886,0.729765590446705,3.4498009730207873,0.729765590446705,0.9509066784608581,1.017249004865104,14.26360017691287,1.8354710305174702,3.6267138434321096,19.77001326846528,34.85183547103052,27.797434763379037,10.659000442282176,2.410437859354268,0.7739938080495357,0.08845643520566121,0.022114108801415303,3.6045997346306944,26.957098628925255,33.746130030959755,19.703670942061034,9.088898717381689,4.444935869084476,1.5037593984962405,0.46439628482972134,0.4865103936311367
2,21436,370,80,290,2.582618025751073,2.4587609628662066,107.65054114573614,80.43090598136162,1741.730033588356,1983.200095612451,12.17577906325807,2.1132674006344465,0.5458107855943273,2.5097966038440007,0.19126702743049076,8.541705542078747,3.0975928344840455,19.024071655159545,0.3825340548609815,0.6950923679791006,2.6684082851278226,0.765068109721963,4.380481433103191,0.7930584064191081,1.3342041425639113,1.2642284008210487,1.5161410710953536,0.33588356036573985,2.906325807053555,4.049262922186975,1.2222429557753312,1.782048889718231,0.4944952416495615,0.7417428624743422,1.5068109721963052,1.6047770106363128,1.3435342414629594,1.0356409777943647,1.9873110654972943,2.211233439074454,1.1382720656838963,0.8583690987124464,17.63855196865087,21.36126142937115,1.8240343347639485,3.4381414442993097,7.893263668594887,2.952976301548796,3.5734278783355102,5.005598059339429,4.69303974622131,2.0946072028363503,0.9190147415562605,2.2158984885239783,1.9733159171487218,8.844933756297817,2.9343161037507,1.92666542265348,18.342974435529015,27.659078186228776,31.77831685015861,13.79921627169248,5.080238850531815,1.273558499720097,0.0933009889904833,0.04665049449524165,1.949990669901101,23.563164769546557,30.677365180070908,24.724762082478073,11.471356596379922,5.476768053741369,1.6281022578839335,0.3218884120171674,0.1866019779809666
3,6613,274,71,220,2.1531831241494026,2.299259035233631,90.66172690155754,67.14163263498682,1696.5286556782096,1994.869132290185,14.955390896718585,2.419476788144564,1.6785120217752911,1.4214426130349311,0.8316951459246937,7.772569181914411,3.296537123846968,1.4214426130349311,0.3024345985180705,1.1643732042945714,8.921820656283078,0.8316951459246937,1.6331468319975806,0.665356116739755,0.8921820656283079,1.5424164524421593,2.3287464085891427,0.6804778466656586,2.827763496143959,2.2077725691819143,0.8316951459246937,0.12097383940722818,0.7107213065174656,0.9980341751096325,0.604869197036141,1.300468773627703,3.17556328443974,2.978980795402994,2.343868138515046,1.8448510509602298,0.8014516860728867,0.5292605474066233,19.718735823378193,1.965824890367458,2.9336156056252833,10.025706940874036,5.806744291546953,2.7672765764403446,3.7350672916981704,2.91849387569938,2.2077725691819143,4.672614547104189,1.3760774232572206,2.2077725691819143,1.6785120217752911,14.03296537123847,3.2511719340692573,2.374111598366853,26.084984122183577,38.303341902313626,22.486012399818538,8.906698926357175,1.58778164221987,0.1965824890367458,0.06048691970361409,0,2.4043550582186604,32.420988961137155,26.463027370331165,20.489944049599274,10.539845758354756,5.731135641917436,1.5424164524421593,0.22682594888855284,0.18146075911084228
4,1718,192,55,81,2.1839348079161818,2.2630966239813737,87.65890570430733,66.79346952070328,1591.091385331781,1993.796498905908,20.19790454016298,2.1536670547147847,0.05820721769499418,1.280558789289872,1.6880093131548313,6.169965075669383,2.852153667054715,0.5820721769499418,0.46565774155995343,0.8149010477299186,7.275902211874272,3.317811408614668,1.1641443538998837,0.17462165308498254,0.5820721769499418,0.5820721769499418,1.979045401629802,1.1641443538998837,1.4551804423748544,9.254947613504074,0.11641443538998836,0.05820721769499418,1.1059371362048893,0.8149010477299186,0.2910360884749709,1.3969732246798603,1.979045401629802,2.0954598370197903,2.619324796274738,2.6775320139697323,0.989522700814901,1.3969732246798603,17.57857974388824,1.8044237485448196,3.492433061699651,7.916181606519208,4.2491268917345755,1.7462165308498254,2.619324796274738,9.487776484284051,0.4074505238649593,3.608847497089639,0.8731082654249127,0.6984866123399301,1.6880093131548313,13.678696158323632,2.3864959254947613,2.0954598370197903,30.9662398137369,32.71245634458673,18.044237485448196,13.271245634458673,2.6775320139697323,0.23282887077997672,0,0,2.1536670547147847,37.019790454016295,22.70081490104773,20.19790454016298,9.487776484284051,6.228172293364377,1.5715948777648427,0.3492433061699651,0.2910360884749709
5,2266,189,55,109,1.971315092674316,2.061341571050309,82.7639011473963,55.25755344614707,1609.8389232127097,1997.7519167579408,19.41747572815534,2.7802294792586055,0.44130626654898497,0.970873786407767,2.64783759929391,9.929390997352163,3.3980582524271843,0.617828773168579,0.794351279788173,0.7502206531332745,11.16504854368932,1.7652250661959399,2.471315092674316,1.147396293027361,0.353045013239188,0.5736981465136805,2.5595763459841128,0,2.3389232127096204,2.206531332744925,0.44130626654898497,0.0441306266548985,0.353045013239188,1.676963812886143,0,1.676963812886143,0.8384819064430715,0.22065313327449249,2.5154457193292146,1.588702559576346,0.706090026478376,1.2797881729920564,22.241835834068844,0.8826125330979699,6.266548984995587,11.341571050308914,7.855251544571933,1.059135039717564,2.383053839364519,2.3389232127096204,1.941747572815534,4.854368932038835,2.383053839364519,0.706090026478376,1.8976169461606356,7.94351279788173,2.118270079435128,2.7802294792586055,32.789055604589585,37.51103265666372,20.6090026478376,4.545454545454546,1.2797881729920564,0.4854368932038835,0,0,2.824360105913504,39.49691085613416,23.654015887025597,22.153574580759045,7.811120917917035,2.9567519858781997,0.8826125330979699,0.22065313327449249,0
6,1507,169,57,89,2.002654280026543,2.037823490378235,73.14731254147313,53.52438781260686,1733.5202388852024,2001.8505747126437,13.404114134041142,1.5925680159256803,0.19907100199071,1.06171201061712,1.26078301260783,6.635700066357001,2.78699402786994,2.12342402123424,0.26542800265428,1.7252820172528203,5.57398805573988,0.79628400796284,0.79628400796284,1.1280690112806901,7.03384207033842,0.9953550099535501,1.39349701393497,0.06635700066357,0.9289980092899801,1.06171201061712,0.26542800265428,0,0.39814200398142,3.2514930325149303,0.13271400132714,0.39814200398142,0.6635700066357001,1.7252820172528203,1.92435301924353,1.5262110152621102,0.8626410086264101,1.92435301924353,15.85932315859323,3.11877903118779,7.69741207697412,6.768414067684141,3.3178500331785004,8.626410086264102,1.4598540145985401,1.7252820172528203,0.7299270072992701,3.6496350364963503,3.9150630391506303,0.39814200398142,0.46449900464499005,11.214333112143331,2.9860650298606504,1.59256801592568,38.22163238221632,31.984074319840744,16.921035169210352,9.289980092899802,1.7916390179163901,0.19907100199071,0,0,1.6589250165892502,45.45454545454545,20.96881220968812,17.58460517584605,9.15726609157266,4.37956204379562,0.53085600530856,0.19907100199071,0.06635700066357
7,1345,130,48,64,2.070631970260223,2.1866171003717474,77.42156133828996,50.952431529912374,1733.2371747211896,2001.0334763948497,13.382899628252787,1.412639405204461,2.379182156133829,0.5204460966542751,1.0408921933085502,9.516728624535316,4.089219330855019,0.44609665427509293,0.29739776951672864,1.0408921933085502,9.144981412639405,0.29739776951672864,0.5204460966542751,2.1561338289962824,7.5092936802973975,0.8921933085501859,1.1895910780669146,0,1.412639405204461,3.4944237918215615,0.6691449814126395,0,0.44609665427509293,2.973977695167286,0.14869888475836432,0.8178438661710037,1.486988847583643,1.0408921933085502,1.2639405204460967,1.1895910780669146,0.5204460966542751,3.79182156133829,21.78438661710037,0.7434944237918215,3.940520446096654,9.219330855018587,4.609665427509293,9.442379182156134,1.412639405204461,3.79182156133829,0.8178438661710037,3.5687732342007434,5.5018587360594795,0.44609665427509293,2.2304832713754648,9.442379182156134,5.799256505576208,1.412639405204461,33.97769516728624,35.910780669144984,16.133828996282528,10.111524163568774,2.3048327137546467,0.14869888475836432,0,0,1.486988847583643,38.95910780669145,24.1635687732342,17.54646840148699,11.74721189591078,5.130111524163569,0.7434944237918215,0.14869888475836432,0.07434944237918216
8,995,122,51,55,1.9326633165829146,1.979899497487437,72.64221105527638,58.57077634954834,1783.0683417085427,2002.4300225733634,10.954773869346733,2.512562814070352,1.8090452261306533,1.1055276381909547,2.814070351758794,9.64824120603015,3.0150753768844223,2.3115577889447234,0.9045226130653267,1.2060301507537687,10.150753768844222,1.306532663316583,0.5025125628140703,6.231155778894473,2.0100502512562812,0.7035175879396985,2.4120603015075375,0,0.20100502512562815,0.5025125628140703,0.20100502512562815,0,0.20100502512562815,1.5075376884422111,0.10050251256281408,0.4020100502512563,2.9145728643216082,1.306532663316583,0.20100502512562815,0.3015075376884422,0.8040201005025126,1.8090452261306533,22.71356783919598,4.0201005025125625,3.2160804020100504,11.35678391959799,10.150753768844222,2.71356783919598,0.3015075376884422,1.1055276381909547,0.5025125628140703,3.1155778894472363,2.613065326633166,0.6030150753768844,1.2060301507537687,6.030150753768845,3.4170854271356785,2.512562814070352,36.482412060301506,38.391959798994975,12.160804020100503,8.844221105527637,1.5075376884422111,0.10050251256281408,0,0,2.512562814070352,45.22613065326633,22.512562814070353,17.28643216080402,7.939698492462312,3.6180904522613067,0.5025125628140703,0.20100502512562815,0.20100502512562815
9,3214,184,63,133,2.3428749222153082,2.3018046048537646,94.1863721219664,70.9655636497057,1807.7433105164903,1993.168782161235,9.303049159925326,2.893590541381456,1.835718730553827,0.6222775357809583,0.9334163036714375,11.014312383322961,3.9203484754200373,1.3378967019290604,0.2177971375233354,0.5600497822028625,4.791537025513379,0.5289359054138145,0.9334163036714375,3.1425015556938396,0.3422526446795271,0.3111387678904792,2.5202240199128814,0.1555693839452396,2.8624766645924082,7.654013690105788,1.7112632233976353,0.18668326073428748,0.1555693839452396,0.6222775357809583,0.09334163036714374,0.46670815183571873,2.8624766645924082,1.2445550715619167,6.40945861854387,2.644679527069073,0.3422526446795271,4.635967641568139,21.064094586185437,1.897946484131923,1.9601742377100186,5.196017423771002,7.529558182949596,0.8400746733042938,3.0491599253266957,8.431860609831984,2.271313005600498,1.9601742377100186,1.057871810827629,0.7467330429371499,0.6222775357809583,18.79278158058494,5.849408836341008,2.893590541381456,22.899813316739266,32.82514001244555,24.673304293714995,13.036714374611076,2.582451773490977,0.9956440572495333,0.06222775357809583,0.031113876789047916,2.893590541381456,30.927193528313627,27.069072806471688,20.75295581829496,11.667703795892969,4.449284380833852,1.897946484131923,0.18668326073428748,0.1555693839452396
10,21388,359,84,419,2.106368056854311,2.0823826444735367,91.10585374976623,62.6688307796893,1230.4549279970076,1999.4658866433672,38.46081915092575,0.8930241256779502,2.038526276416682,4.37161024873761,1.5990274920516176,7.756685992145128,3.857303160650832,1.9637179726949692,1.0005610622779129,2.5294557695904247,5.133719842902562,1.3699270619038713,2.174116326912287,0.37404151860856555,0.603141948756312,0.8976996446605573,0.8602954927997007,5.4937348045633065,1.2623901253039087,5.465681690667664,1.2483635683560874,0.9491303534692351,1.8421544791471853,1.5055171123994764,1.7299420235646157,2.7866093136338135,2.6650458200860294,0.2805311389564242,2.5388068075556385,1.5195436693472975,0.8275668599214513,0.4161211894520292,22.377033850757435,2.8614176173555266,4.240695717224612,5.4937348045633065,5.119693285954741,1.6504582008602955,7.078735739667103,6.15765850009351,3.857303160650832,5.704133158780625,2.08995698522536,2.82401346549467,2.8614176173555266,6.887039461380213,1.6364316439124742,0.8836730877127361,30.951935664858798,34.257527585561995,26.014587619225733,6.57377968954554,1.0940714419300543,0.21039835421731812,0.014026556947821208,0,0.9631569104170563,36.20721900130915,31.49429586684122,20.810734991584066,7.550963156910417,1.9169627828688984,0.6779502524780251,0.2758556199738171,0.10286141761735552
11,11414,278,76,284,2.073243385316278,2.1690029787979674,94.13798843525495,65.34901792865976,1562.6836341335202,1996.6943915817753,21.73646399158928,1.6383388820746452,1.5156824951813563,2.7510075346066234,3.5920799018748903,8.01647100052567,3.241633082179779,2.540739442789557,0.7709830033292447,1.1564745049938672,4.97634483967058,1.7084282460136675,3.048887331347468,0.7446994918521115,1.366742596810934,0.9549675836691782,1.6208165410898896,1.7522340984755564,1.3842649377956895,4.774837918345891,0.5169090590502892,2.812335728053268,1.5332048361661117,1.5857718591203784,0.5519537410198002,2.050113895216401,2.5056947608200457,0.560714911512178,3.2766777641492904,1.2616085509024006,1.690905905028912,0.481864377080778,23.42736989661819,4.617136849483091,3.3117224461188015,5.808656036446469,5.869984229893114,2.4794112493429123,3.3117224461188015,5.063956544594358,6.430699141405292,5.650954967583669,1.9099351673383564,1.366742596810934,2.25162081654109,10.241808305589627,1.5069213246889785,1.6733835640441563,30.1647100052567,37.01594533029613,22.70895391624321,7.394427895566848,0.8761170492377782,0.12265638689328895,0.04380585246188891,0,1.6821447345365341,32.039600490625546,33.23111967758893,19.178202207814962,9.856316803925004,3.0576485018398456,0.6483266164359558,0.19274575083231119,0.11389521640091116
12,9470,277,74,254,2.200950369588173,2.197043294614572,96.59883843717002,64.32770430997367,1217.8912354804647,1997.130735930736,39.01795142555438,0.8553326293558606,0.8870116156282999,2.903907074973601,2.724392819429778,12.534318901795142,3.4741288278775078,7.191129883843717,1.4149947201689546,1.224920802534319,5.586061246040127,1.8373812038014783,4.107708553326294,0.1900739176346357,0.24287222808870115,0.9926082365364308,0.6441393875395988,1.0454065469904963,1.0242872228088702,2.3125659978880675,0.25343189017951423,0.2006335797254488,0.5596620908130939,1.6050686378035903,0.1689545934530095,1.678986272439282,1.6367476240760295,0.44350580781414994,3.907074973600845,3.5691657866948256,1.4361140443505809,0.3590285110876452,25.36430834213305,8.627243928194298,2.956705385427666,6.335797254487856,7.729672650475185,1.3727560718057021,2.2914466737064414,2.692713833157339,0.665258711721225,5.058078141499472,1.7317845828933474,1.0031678986272439,1.8268215417106652,15.469904963041182,1.6156282998944034,0.675818373812038,27.423442449841605,33.69588173178458,28.39493136219641,9.070749736008448,0.6335797254487856,0.09503695881731784,0.010559662090813094,0,0.6969376979936642,30.58078141499472,35.98732840549103,19.61985216473073,8.94403379091869,2.893347412882788,0.9609292502639916,0.25343189017951423,0.06335797254487856
13,11867,269,75,257,2.3316760765147047,2.2195163057217493,97.73759164068424,66.39176464978733,1366.6492795146203,1993.856282271945,31.456981545462202,1.4578242184208308,1.8791606977332098,5.039184292576051,3.5139462374652397,11.19912362012303,2.528018875874273,8.182354428246397,1.07862138703969,1.8623072385607147,1.5842251622145445,0.7331254740035392,4.440886491952473,1.7443330243532484,1.1207550349709279,0.15168113255245638,1.2724361675233842,3.4633858599477545,1.3314232746271173,3.126316676497851,0.4550433976573692,0.03370691834499031,0.7836858515210247,1.4241173000758405,3.2190107019465746,1.3061430858683745,0.7584056627622819,1.1460352237296705,2.15724277407938,4.600994354091177,0.8089660402797674,0.6320047189685682,26.384090334541163,10.154209151428331,3.6403471812589534,2.5027386871155306,9.716019212943456,1.3061430858683745,5.376253476025954,3.7161877475351814,0.5224572343473498,2.9577820847728997,1.7948934018707339,6.716103480239319,1.3651301929721076,11.19912362012303,1.6769191876632679,1.4072638409033453,23.139799443835848,34.92036740540996,25.541417375916406,12.21033117047274,2.0224151006994187,0.6994185556585489,0.05898710710373304,0,1.5083845959383164,30.68172242352743,32.468189095811915,20.90671610348024,10.238476447290806,3.0420493806353752,0.7668323923485295,0.25280188758742733,0.13482767337996124
14,10160,311,71,273,2.0665354330708663,2.224803149606299,101.45472440944881,349.1645308315675,1514.446751968504,1984.3666494712406,23.681102362204726,2.076771653543307,2.8149606299212597,5.196850393700787,0.6791338582677166,9.21259842519685,2.5492125984251968,5.688976377952756,1.4468503937007875,3.513779527559055,1.1515748031496063,1.0728346456692914,5.137795275590551,0.41338582677165353,1.486220472440945,1.2106299212598426,1.9094488188976377,4.301181102362205,1.0334645669291338,0.8169291338582677,0.2854330708661417,0.15748031496062992,0.7480314960629921,0.6889763779527559,0.3543307086614173,1.2992125984251968,0.7578740157480315,1.9881889763779528,5.374015748031496,3.661417322834646,2.017716535433071,1.4763779527559056,23.30708661417323,7.19488188976378,5.078740157480315,1.6929133858267718,8.4251968503937,3.513779527559055,5.698818897637795,1.171259842519685,0.7381889763779528,3.6515748031496065,0.9251968503937008,0.9350393700787402,1.5059055118110236,16.10236220472441,2.8346456692913384,2.5,30.059055118110237,36.811023622047244,21.062992125984252,8.159448818897637,1.2992125984251968,0.10826771653543307,0,0,2.175196850393701,30.462598425196852,32.59842519685039,20.492125984251967,9.094488188976378,3.090551181102362,1.220472440944882,0.7381889763779528,0.1279527559055118
15,5566,242,66,185,1.9908372260150917,2.2718289615522815,90.02515271289975,88.6480492502269,1743.5553359683795,1989.4688396883969,12.360761767876392,2.371541501976284,1.9942508084800574,1.545095220984549,1.2396694214876034,8.372260150916278,2.3715415019762847,2.389507725476105,0.5389867049946101,0.7006827164929932,2.8027308659719727,0.6647502694933525,1.3115343154868846,1.329500538986705,3.2698526769673015,6.503772906934962,2.2996766079770032,2.9284944304707152,2.0301832554796984,2.1200143729787997,0.4132231404958678,0.4671218109953288,0.6827164929931728,1.8325547969816744,0.6827164929931728,2.1739130434782608,1.7247574559827523,0.5749191519942508,7.222421846927776,2.6769673014732303,2.497305066475027,1.4732303269852678,18.64893999281351,3.144089112468559,2.8386633129716135,3.5034135824649657,4.186130075458139,10.079051383399209,5.300035932447,2.605102407473949,1.3115343154868846,4.671218109953288,2.0481494789795187,1.2576356449874238,2.5512037369744878,16.672655407833272,2.982393100970176,2.389507725476105,35.98634567014014,30.21918792669781,23.89507725476105,6.755300035932447,0.5928853754940712,0.1437297879985627,0.017966223499820338,0,2.479338842975207,33.902263744160976,25.619834710743802,20.337765001796622,11.103126122888968,4.186130075458139,1.221703197987783,0.8444125044915559,0.30542579949694576
16,7401,300,77,218,1.9425753276584246,2.105796513984597,88.00351303877855,63.43598167791427,1558.7211187677342,1994.4839211618257,21.84839886501824,1.256586947709769,3.3238751520064858,1.4187271990271586,1.026888258343467,6.566680178354276,2.351033644102148,7.715173625185786,0.9593298202945548,1.3376570733684636,6.134306174841238,1.4322388866369409,4.323740035130387,0.29725712741521415,0.8242129441967302,0.36481556546412647,1.1484934468315093,2.364545331711931,0.6890960680989056,1.5673557627347656,0.6755843804891231,0.027023375219564924,0.4864207539521686,3.715714092690177,0.2432103769760843,0.8107012565869477,0.7431428185380354,1.2565869477097689,3.9319010944466966,1.607890825564113,1.0133765707336846,3.0266180245912713,18.038102959059586,11.41737603026618,3.040129712201054,7.053100932306445,8.89069044723686,1.2565869477097689,3.4995270909336575,2.351033644102148,0.7971895689771652,3.8508309687880016,4.566950412106472,0.6485610052695582,0.8782596946358601,10.052695581678151,4.323740035130387,1.2430752600999866,37.251722740170244,36.251857857046346,18.227266585596542,5.48574516957168,1.3646804485880286,0.175651938927172,0,0,1.2565869477097689,33.87380083772463,33.83326577489528,19.740575597892178,7.95838400216187,2.310498581272801,0.7701661937576003,0.2432103769760843,0.013511687609782462
17,4858,217,62,143,1.9705640181144504,1.9995883079456567,85.66879374228077,61.88107852300688,1598.07204610951,1991.1346499102333,19.740634005763688,1.9349526554137506,8.130918073281185,4.4256895841910255,0.4322766570605187,11.177439275421984,4.610951008645533,6.010703993412927,0.7410456978180321,2.9435981885549607,2.8612597776862905,2.8406751749691233,4.590366405928366,1.2350761630300535,0.22643062988884313,0.04116920543433512,1.1733223548785507,1.4615067929188967,0.8645533141210374,0.885137916838205,0.1440922190201729,0.02058460271716756,0.514615067929189,2.181967888019761,0.16467682173734047,1.8526142445450804,0.20584602717167558,1.1321531494442156,4.363935776039522,2.7377521613832854,1.2556607657472212,1.3379991766158914,33.65582544256896,6.525319061342116,4.693289419514203,3.0465212021407986,9.324825030876903,0.3911074516261836,2.5319061342116096,4.4256895841910255,0.22643062988884313,2.7171675586661177,2.61424454508028,0.6175380815150268,2.2025524907369287,10.45697818032112,2.3260601070399343,1.8731988472622478,36.41416220666941,32.873610539316594,22.066694112803624,5.372581309180733,1.1939069575957184,0.20584602717167558,0,0,1.955537258130918,37.60806916426513,31.28859613009469,19.740634005763688,7.225195553725813,1.6467682173734046,0.3911074516261836,0.08233841086867023,0.06175380815150268
18,9742,367,90,147,2.2167932662697596,2.1818928351467872,102.12461506877438,78.51719737795374,1505.7733524943544,1982.0624239967572,24.029973311435025,1.2625744200369535,1.4576062410182713,4.516526380619996,2.412235680558407,9.033052761239992,3.161568466433997,3.5311024430301785,0.3695339765961815,1.6013138985834532,1.3857524122356806,0.45165263806199957,4.208581400123178,0.6056251283104085,0.20529665366454528,0.1642373229316362,0.97515910490659,2.0427017039622255,3.90063641962636,0.6364196263600903,0.09238349414904537,0.03079449804968179,0.3284746458632724,1.9913775405460892,0.5748306302607268,0.9033052761239991,0.9956887702730446,1.3344282488195442,9.843974543214946,1.129131595154999,2.494354342024225,1.4678710737014986,25.261753233422294,4.998973516731677,4.105933073290905,2.1556148634777252,6.405255594333813,0.4208581400123178,6.651611578731266,0.7595976185588175,0.2566208170806816,1.6834325600492712,2.186409361527407,1.7244918907821802,1.1086019297885445,18.55881749127489,2.7099158283719977,2.0529665366454526,29.52165879696161,31.307739683843153,22.54157257236707,11.29131595154999,2.9768014781359065,0.2874153151303634,0.020529665366454525,0,1.2625744200369533,33.78156436050092,30.240197084787518,20.92999384110039,10.059536029562718,2.299322521042907,0.8725107780743174,0.26688564976390883,0.2874153151303634
19,14804,341,82,313,2.1754255606592814,2.1280734936503647,98.74425830856525,70.9623590709537,1292.979870305323,1986.2274566773892,34.90272899216428,1.465820048635504,1.155093218049176,6.221291542826263,2.033234261010538,10.639016482031883,3.512564171845447,4.269116455012159,0.6957579032693867,1.9184004323155903,1.2293974601459066,1.4590651175358011,4.593353147797893,1.837341259119157,0.17562820859227235,0.3917860037827614,1.3442312888408539,4.566333423399081,1.6414482572277762,0.7700621453661173,0.45258038368008646,0.6890029721696839,0.4796001080788976,2.7830316130775468,0.8241015941637395,2.276411780599838,0.46609024587949205,0.9254255606592813,5.876790056741421,2.728992164279924,2.1142934342069712,0.8241015941637395,27.661442853282896,5.6538773304512295,4.694677114293434,1.492839773034315,7.9640637665495815,0.6282085922723588,6.680626857606052,1.1280734936503647,2.141313158605782,3.2558767900567416,3.336935963253175,1.6414482572277762,2.3169413671980545,13.212645231018644,2.343961091596866,1.4523101864360983,31.957579032693868,28.701702242637126,26.31045663334234,9.07862739800054,2.1007835720075656,0.3647662793839503,0.027019724398811132,0.006754931099702783,1.492839773034315,34.071872466900835,30.566063226155094,22.11564442042691,8.855714671710349,1.9724398811132127,0.6079437989732505,0.21615779519048905,0.10132396649554175
20,7944,287,62,161,2.4359264853977844,2.394259818731118,106.16968781470293,75.1764881880249,1355.157099697885,1991.005733308674,31.93605236656596,2.2155085599194364,1.4098690835850958,3.9778449144008055,1.9637462235649548,6.96122860020141,5.626888217522659,2.0644511581067473,0.7804632426988922,0.730110775427996,7.275931520644511,0.6923464249748238,3.1847935548841892,2.1022155085599192,0.22658610271903323,0.8434038267875126,1.095166163141994,0.7804632426988922,2.4295065458207454,6.646525679758308,2.794561933534743,2.5176233635448138,1.0070493454179255,0.5916414904330313,0.730110775427996,2.8323262839879155,1.5861027190332326,0.5412890231621349,2.0644511581067473,1.6112789526686808,0.2769385699899295,0.3902316213494461,24.710473313192345,2.2784491440080563,2.731621349446123,7.917925478348439,11.102719033232628,1.1329305135951662,3.323262839879154,7.6787512588116815,8.144511581067473,3.914904330312185,1.661631419939577,1.3343403826787512,3.121852970795569,7.917925478348439,1.3846928499496476,2.1525679758308156,18.567472306143,33.55991943605237,32.200402819738166,8.182275931520644,3.5876132930513593,1.6112789526686808,0.13846928499496475,0,2.1525679758308156,23.250251762336354,33.18227593152064,23.38872104733132,12.915407854984894,3.4491440080563947,1.095166163141994,0.365055387713998,0.2014098690835851
21,22638,359,84,580,2.090732396854846,2.1459492888064315,97.09435462496687,71.63340259965766,1362.4796801837617,1998.8215280928002,31.835851223606326,1.6962629207527165,2.3677003268840005,2.2970227051859706,1.5063168124392614,8.445975792914568,3.2246664899726123,2.305857407898224,1.886209029066172,1.192684866154254,2.813852813852814,0.7818711900344554,4.633801572577083,0.6184291898577613,0.9718172983479106,1.2015195688665077,1.4753953529463733,3.697323085078187,0.09276437847866419,1.4709780015902465,1.294283947345172,1.448891244809612,1.7095149748210974,2.076155137379627,0.7686191359660748,4.580793356303561,1.0115734605530524,1.1220072444562241,3.9181906528845305,3.6840710310098066,1.3472921636186943,0.8437141090202315,21.6538563477339,2.8580263274140827,2.8933651382630976,3.0788938952204257,9.320611361427687,2.248431840268575,4.002120328650941,2.5178902729923136,5.009276437847866,5.044615248696881,2.4913861648555526,1.488647407014754,5.252230762434844,13.040021203286509,1.6034985422740524,1.6079158936301794,26.72939305592367,41.60703242335895,23.65049916070324,4.448272815619754,1.3826309744677092,0.5477515681597315,0.026504108136761198,0,1.6344200017669406,29.50348970757134,36.20902906617192,22.08675678063433,7.611096386606591,2.0982418941602616,0.5786730276526195,0.2208675678063433,0.05742556762964926
22,34734,434,88,682,2.1666090861979614,2.2336903322393042,96.94201646801405,77.22387023620044,1432.0893073069615,2000.6511684028476,28.41884032936028,1.2552542177693327,1.8886393735245004,2.778257615016986,1.2898024989923418,4.79069499625727,1.6698335924454426,1.4999712097656475,1.3041976161685955,1.0738757413485345,3.6966660908619797,1.833937928254736,3.7686416767432487,0.5527724995681464,1.1976737490643174,0.9126504289744919,0.9212874992802441,2.4097426153048884,0.6362641791904186,3.0517648413658085,1.3560200380031093,4.897218863361548,1.7274140611504578,1.9865261703230264,1.615132147175678,4.4941555824264405,1.603616053434675,1.1199401163125469,1.8396959751252375,1.761962342373467,0.5988368745321587,1.7360511314562102,15.768411354868428,1.8109057407727298,2.683249841653711,3.8722865204122763,9.489261242586515,2.268670466977601,3.630448551851212,5.32331433177866,11.628375654977832,4.707203316634997,2.7379512869234754,2.173662693614326,4.86842862900904,9.034375539816894,2.700523982265216,1.0306903898197732,27.010997869522658,42.94639258363563,18.437266079345886,5.821385386077043,3.449070075430414,1.214947889675822,0.08924972649277366,0,1.1861576553233144,31.185581850636265,31.614556342488626,21.445845569182932,9.909598664133126,3.3540623020671387,0.984626014855761,0.2562330857373179,0.06333851557551679
23,16422,298,69,390,2.0294726586286687,2.1026062598952624,89.15290464011692,62.360250706551454,1096.3975155279504,2003.4538778235228,45.27463159176714,1.1326269638290098,1.589331384727804,5.26123492875411,3.245646084520765,6.935817805383023,1.6928510534648642,6.929728413104372,0.773352819388625,0.5724028741931555,3.209109730848861,1.6745828766289124,3.7206186822555107,0.9499451954694922,0.5480453050785532,2.7463159176714163,1.0900012178784557,3.885032273779077,1.0473754719279016,5.456095481670929,2.6367068566557057,1.1265375715503594,1.1691633175009135,3.1360370235050543,0.1948605529168189,2.3748629886737302,1.0351966873706004,0.608939227865059,2.5453659724759468,2.070393374741201,1.3457556935817805,0.42016806722689076,21.178906345146753,8.500791620996225,1.7172086225794665,3.4465960297162344,8.263305322128852,3.6901717208622578,5.285592497868713,7.00889051272683,4.171233710875654,6.192911947387651,3.452685421994885,0.834246742175131,2.5392765801972965,9.864815491413957,1.4066496163682864,1.175252709779564,29.66142978930703,41.1764705882353,22.208013640238704,4.707100231396907,0.9925709414200463,0.042625745950554135,0.030446961393252953,0.00608939227865059,1.3213981244671782,34.00925587626355,32.39556692242114,21.10583363780295,8.421629521373767,2.1800024357569114,0.43843624406284254,0.09743027645840945,0.030446961393252953
